Campaign,Campaign Type,Campaign Status,Budget,Budget Type,Bid Strategy Type,Networks,Languages,Location,Location Type,Ad Schedule,Device,Bid Adjustment,Ad Rotation,Ad Group,Ad Group Status,Max CPC,Keyword,Match Type,Status,Ad Type,Headline 1,Headline 1 position,Headline 2,Headline 2 position,Headline 3,Headline 3 position,Headline 4,Headline 5,Headline 6,Headline 7,Headline 8,Headline 9,Headline 10,Headline 11,Headline 12,Headline 13,Headline 14,Headline 15,Description 1,Description 2,Description 3,Description 4,Path 1,Path 2,Final URL,Asset Type,Sitelink Text,Sitelink Description 1,Sitelink Description 2,Sitelink Final URL,Callout Text,Structured Snippet Header,Structured Snippet Values
Altru – Restorative – Search,Search,Paused,13.00,Daily,Maximize Conversions,Google search,en,"Salt Lake County, Utah; 5 mi around Murray, Utah",Presence,"Tue 10:00-20:00; Wed 09:00-21:00; Thu 09:00-21:00; Fri 09:00-21:00; Sat 09:00-16:00",,,Optimize,,,,,,,,,,,,,,,,,,,,,,,,,,,,,,,,
Altru – Restorative – Search,,,,,,,,,,,Mobile,15%,,,,,,,,,,,,,,,,,,,,,,,,,,,,,,,,,,,,
Altru – Restorative – Search,,,,,,,,,,,Tablet,-20%,,,,,,,,,,,,,,,,,,,,,,,,,,,,,,,,,,,,
Altru – Soothe – Search,Search,Paused,5.50,Daily,Maximize Conversions,Google search,en,"Salt Lake County, Utah; 5 mi around Murray, Utah",Presence,"Tue 10:00-20:00; Wed 09:00-21:00; Thu 09:00-21:00; Fri 09:00-21:00; Sat 09:00-16:00",,,Optimize,,,,,,,,,,,,,,,,,,,,,,,,,,,,,,,,
Altru – Soothe – Search,,,,,,,,,,,Mobile,15%,,,,,,,,,,,,,,,,,,,,,,,,,,,,,,,,,,,,
Altru – Soothe – Search,,,,,,,,,,,Tablet,-20%,,,,,,,,,,,,,,,,,,,,,,,,,,,,,,,,,,,,
Altru – Procell – Search,Search,Paused,6.00,Daily,Maximize Conversions,Google search,en,"Salt Lake County, Utah; 5 mi around Murray, Utah",Presence,"Tue 10:00-20:00; Wed 09:00-21:00; Thu 09:00-21:00; Fri 09:00-21:00; Sat 09:00-16:00",,,Optimize,,,,,,,,,,,,,,,,,,,,,,,,,,,,,,,,
Altru – Procell – Search,,,,,,,,,,,Mobile,15%,,,,,,,,,,,,,,,,,,,,,,,,,,,,,,,,,,,,
Altru – Procell – Search,,,,,,,,,,,Tablet,-20%,,,,,,,,,,,,,,,,,,,,,,,,,,,,,,,,,,,,
Altru – Brand Defense – Search,Search,Paused,1.00,Daily,Maximize Conversions,Google search,en,"Salt Lake County, Utah; 5 mi around Murray, Utah",Presence,"Tue 10:00-20:00; Wed 09:00-21:00; Thu 09:00-21:00; Fri 09:00-21:00; Sat 09:00-16:00",,,Optimize,,,,,,,,,,,,,,,,,,,,,,,,,,,,,,,,
Altru – Brand Defense – Search,,,,,,,,,,,Mobile,15%,,,,,,,,,,,,,,,,,,,,,,,,,,,,,,,,,,,,
Altru – Brand Defense – Search,,,,,,,,,,,Tablet,-20%,,,,,,,,,,,,,,,,,,,,,,,,,,,,,,,,,,,,
Altru – Restorative – Search,,,,,,,,,,,,,,Buccal Release,Enabled,2.50,,,,,,,,,,,,,,,,,,,,,,,,,,,,,,
Altru – Restorative – Search,,,,,,,,,,,,,,Fascia Facial,Enabled,2.50,,,,,,,,,,,,,,,,,,,,,,,,,,,,,,
Altru – Restorative – Search,,,,,,,,,,,,,,Natural Face Lift,Enabled,2.50,,,,,,,,,,,,,,,,,,,,,,,,,,,,,,
Altru – Soothe – Search,,,,,,,,,,,,,,Lymphatic Drainage,Enabled,2.50,,,,,,,,,,,,,,,,,,,,,,,,,,,,,,
Altru – Soothe – Search,,,,,,,,,,,,,,Depuff Event Prep,Enabled,2.50,,,,,,,,,,,,,,,,,,,,,,,,,,,,,,
Altru – Procell – Search,,,,,,,,,,,,,,Procell Branded,Enabled,3.00,,,,,,,,,,,,,,,,,,,,,,,,,,,,,,
Altru – Procell – Search,,,,,,,,,,,,,,Microchanneling Category,Enabled,2.50,,,,,,,,,,,,,,,,,,,,,,,,,,,,,,
Altru – Procell – Search,,,,,,,,,,,,,,Growth Factor Regenerative,Enabled,2.50,,,,,,,,,,,,,,,,,,,,,,,,,,,,,,
Altru – Procell – Search,,,,,,,,,,,,,,Microneedling Alternative,Enabled,2.50,,,,,,,,,,,,,,,,,,,,,,,,,,,,,,
Altru – Brand Defense – Search,,,,,,,,,,,,,,Brand Terms,Enabled,1.50,,,,,,,,,,,,,,,,,,,,,,,,,,,,,,
Altru – Restorative – Search,,,,,,,,,,,,,,Buccal Release,,,buccal release salt lake city,Phrase,Enabled,,,,,,,,,,,,,,,,,,,,,,,,,,,,,
Altru – Restorative – Search,,,,,,,,,,,,,,Buccal Release,,,buccal facial salt lake,Phrase,Enabled,,,,,,,,,,,,,,,,,,,,,,,,,,,,,
Altru – Restorative – Search,,,,,,,,,,,,,,Buccal Release,,,buccal release near me,Phrase,Enabled,,,,,,,,,,,,,,,,,,,,,,,,,,,,,
Altru – Restorative – Search,,,,,,,,,,,,,,Buccal Release,,,buccal release utah,Exact,Enabled,,,,,,,,,,,,,,,,,,,,,,,,,,,,,
Altru – Restorative – Search,,,,,,,,,,,,,,Buccal Release,,,face massage salt lake city,Phrase,Enabled,,,,,,,,,,,,,,,,,,,,,,,,,,,,,
Altru – Restorative – Search,,,,,,,,,,,,,,Buccal Release,,,facial release slc,Phrase,Enabled,,,,,,,,,,,,,,,,,,,,,,,,,,,,,
Altru – Restorative – Search,,,,,,,,,,,,,,Fascia Facial,,,fascia facial release,Phrase,Enabled,,,,,,,,,,,,,,,,,,,,,,,,,,,,,
Altru – Restorative – Search,,,,,,,,,,,,,,Fascia Facial,,,face fascia release,Phrase,Enabled,,,,,,,,,,,,,,,,,,,,,,,,,,,,,
Altru – Restorative – Search,,,,,,,,,,,,,,Fascia Facial,,,structural facial release,Phrase,Enabled,,,,,,,,,,,,,,,,,,,,,,,,,,,,,
Altru – Restorative – Search,,,,,,,,,,,,,,Fascia Facial,,,myofascial facial,Phrase,Enabled,,,,,,,,,,,,,,,,,,,,,,,,,,,,,
Altru – Restorative – Search,,,,,,,,,,,,,,Natural Face Lift,,,natural face lift salt lake city,Phrase,Enabled,,,,,,,,,,,,,,,,,,,,,,,,,,,,,
Altru – Restorative – Search,,,,,,,,,,,,,,Natural Face Lift,,,non surgical face lift slc,Phrase,Enabled,,,,,,,,,,,,,,,,,,,,,,,,,,,,,
Altru – Restorative – Search,,,,,,,,,,,,,,Natural Face Lift,,,face lift without surgery utah,Phrase,Enabled,,,,,,,,,,,,,,,,,,,,,,,,,,,,,
Altru – Restorative – Search,,,,,,,,,,,,,,Natural Face Lift,,,facial without injections,Phrase,Enabled,,,,,,,,,,,,,,,,,,,,,,,,,,,,,
Altru – Soothe – Search,,,,,,,,,,,,,,Lymphatic Drainage,,,lymphatic drainage salt lake city,Phrase,Enabled,,,,,,,,,,,,,,,,,,,,,,,,,,,,,
Altru – Soothe – Search,,,,,,,,,,,,,,Lymphatic Drainage,,,lymphatic drainage near me,Phrase,Enabled,,,,,,,,,,,,,,,,,,,,,,,,,,,,,
Altru – Soothe – Search,,,,,,,,,,,,,,Lymphatic Drainage,,,manual lymphatic drainage,Phrase,Enabled,,,,,,,,,,,,,,,,,,,,,,,,,,,,,
Altru – Soothe – Search,,,,,,,,,,,,,,Lymphatic Drainage,,,full body lymphatic drainage,Phrase,Enabled,,,,,,,,,,,,,,,,,,,,,,,,,,,,,
Altru – Soothe – Search,,,,,,,,,,,,,,Lymphatic Drainage,,,lymphatic drainage slc,Exact,Enabled,,,,,,,,,,,,,,,,,,,,,,,,,,,,,
Altru – Soothe – Search,,,,,,,,,,,,,,Depuff Event Prep,,,manual lymphatic drainage,Phrase,Enabled,,,,,,,,,,,,,,,,,,,,,,,,,,,,,
Altru – Soothe – Search,,,,,,,,,,,,,,Depuff Event Prep,,,pre wedding lymphatic drainage,Phrase,Enabled,,,,,,,,,,,,,,,,,,,,,,,,,,,,,
Altru – Soothe – Search,,,,,,,,,,,,,,Depuff Event Prep,,,pre event lymphatic drainage,Phrase,Enabled,,,,,,,,,,,,,,,,,,,,,,,,,,,,,
Altru – Soothe – Search,,,,,,,,,,,,,,Depuff Event Prep,,,post flight lymphatic drainage,Phrase,Enabled,,,,,,,,,,,,,,,,,,,,,,,,,,,,,
Altru – Procell – Search,,,,,,,,,,,,,,Procell Branded,,,procell salt lake city,Phrase,Enabled,,,,,,,,,,,,,,,,,,,,,,,,,,,,,
Altru – Procell – Search,,,,,,,,,,,,,,Procell Branded,,,procell microchanneling slc,Phrase,Enabled,,,,,,,,,,,,,,,,,,,,,,,,,,,,,
Altru – Procell – Search,,,,,,,,,,,,,,Procell Branded,,,procell therapies salt lake,Phrase,Enabled,,,,,,,,,,,,,,,,,,,,,,,,,,,,,
Altru – Procell – Search,,,,,,,,,,,,,,Procell Branded,,,procell near me,Phrase,Enabled,,,,,,,,,,,,,,,,,,,,,,,,,,,,,
Altru – Procell – Search,,,,,,,,,,,,,,Procell Branded,,,procell utah,Exact,Enabled,,,,,,,,,,,,,,,,,,,,,,,,,,,,,
Altru – Procell – Search,,,,,,,,,,,,,,Microchanneling Category,,,microchanneling salt lake city,Phrase,Enabled,,,,,,,,,,,,,,,,,,,,,,,,,,,,,
Altru – Procell – Search,,,,,,,,,,,,,,Microchanneling Category,,,microchanneling slc,Phrase,Enabled,,,,,,,,,,,,,,,,,,,,,,,,,,,,,
Altru – Procell – Search,,,,,,,,,,,,,,Microchanneling Category,,,microchanneling vs microneedling,Phrase,Enabled,,,,,,,,,,,,,,,,,,,,,,,,,,,,,
Altru – Procell – Search,,,,,,,,,,,,,,Microchanneling Category,,,microchanneling utah,Phrase,Enabled,,,,,,,,,,,,,,,,,,,,,,,,,,,,,
Altru – Procell – Search,,,,,,,,,,,,,,Growth Factor Regenerative,,,growth factor facial salt lake city,Phrase,Enabled,,,,,,,,,,,,,,,,,,,,,,,,,,,,,
Altru – Procell – Search,,,,,,,,,,,,,,Growth Factor Regenerative,,,stem cell facial slc,Phrase,Enabled,,,,,,,,,,,,,,,,,,,,,,,,,,,,,
Altru – Procell – Search,,,,,,,,,,,,,,Growth Factor Regenerative,,,regenerative facial salt lake city,Phrase,Enabled,,,,,,,,,,,,,,,,,,,,,,,,,,,,,
Altru – Procell – Search,,,,,,,,,,,,,,Growth Factor Regenerative,,,growth factor microneedling,Phrase,Enabled,,,,,,,,,,,,,,,,,,,,,,,,,,,,,
Altru – Procell – Search,,,,,,,,,,,,,,Microneedling Alternative,,,morpheus8 alternative salt lake city,Phrase,Enabled,,,,,,,,,,,,,,,,,,,,,,,,,,,,,
Altru – Procell – Search,,,,,,,,,,,,,,Microneedling Alternative,,,microneedling without rf,Phrase,Enabled,,,,,,,,,,,,,,,,,,,,,,,,,,,,,
Altru – Procell – Search,,,,,,,,,,,,,,Microneedling Alternative,,,gentle microneedling slc,Phrase,Enabled,,,,,,,,,,,,,,,,,,,,,,,,,,,,,
Altru – Procell – Search,,,,,,,,,,,,,,Microneedling Alternative,,,microneedling no downtime salt lake,Phrase,Enabled,,,,,,,,,,,,,,,,,,,,,,,,,,,,,
Altru – Procell – Search,,,,,,,,,,,,,,Microneedling Alternative,,,natural microneedling,Phrase,Enabled,,,,,,,,,,,,,,,,,,,,,,,,,,,,,
Altru – Brand Defense – Search,,,,,,,,,,,,,,Brand Terms,,,altru radiance,Phrase,Enabled,,,,,,,,,,,,,,,,,,,,,,,,,,,,,
Altru – Brand Defense – Search,,,,,,,,,,,,,,Brand Terms,,,altru radiance murray,Phrase,Enabled,,,,,,,,,,,,,,,,,,,,,,,,,,,,,
Altru – Brand Defense – Search,,,,,,,,,,,,,,Brand Terms,,,altru radiance mechelle,Phrase,Enabled,,,,,,,,,,,,,,,,,,,,,,,,,,,,,
Altru – Brand Defense – Search,,,,,,,,,,,,,,Brand Terms,,,altru radiance utah,Exact,Enabled,,,,,,,,,,,,,,,,,,,,,,,,,,,,,
Altru – Restorative – Search,,,,,,,,,,,,,,,,,free,Negative Broad,Enabled,,,,,,,,,,,,,,,,,,,,,,,,,,,,,
Altru – Restorative – Search,,,,,,,,,,,,,,,,,training,Negative Broad,Enabled,,,,,,,,,,,,,,,,,,,,,,,,,,,,,
Altru – Restorative – Search,,,,,,,,,,,,,,,,,course,Negative Broad,Enabled,,,,,,,,,,,,,,,,,,,,,,,,,,,,,
Altru – Restorative – Search,,,,,,,,,,,,,,,,,school,Negative Broad,Enabled,,,,,,,,,,,,,,,,,,,,,,,,,,,,,
Altru – Restorative – Search,,,,,,,,,,,,,,,,,DIY,Negative Broad,Enabled,,,,,,,,,,,,,,,,,,,,,,,,,,,,,
Altru – Restorative – Search,,,,,,,,,,,,,,,,,tutorial,Negative Broad,Enabled,,,,,,,,,,,,,,,,,,,,,,,,,,,,,
Altru – Restorative – Search,,,,,,,,,,,,,,,,,male,Negative Broad,Enabled,,,,,,,,,,,,,,,,,,,,,,,,,,,,,
Altru – Restorative – Search,,,,,,,,,,,,,,,,,man,Negative Broad,Enabled,,,,,,,,,,,,,,,,,,,,,,,,,,,,,
Altru – Restorative – Search,,,,,,,,,,,,,,,,,tmj,Negative Broad,Enabled,,,,,,,,,,,,,,,,,,,,,,,,,,,,,
Altru – Restorative – Search,,,,,,,,,,,,,,,,,surgery,Negative Broad,Enabled,,,,,,,,,,,,,,,,,,,,,,,,,,,,,
Altru – Restorative – Search,,,,,,,,,,,,,,,,,surgical,Negative Broad,Enabled,,,,,,,,,,,,,,,,,,,,,,,,,,,,,
Altru – Restorative – Search,,,,,,,,,,,,,,,,,plastic surgeon,Negative Phrase,Enabled,,,,,,,,,,,,,,,,,,,,,,,,,,,,,
Altru – Restorative – Search,,,,,,,,,,,,,,,,,thread lift,Negative Phrase,Enabled,,,,,,,,,,,,,,,,,,,,,,,,,,,,,
Altru – Restorative – Search,,,,,,,,,,,,,,,,,PDO,Negative Broad,Enabled,,,,,,,,,,,,,,,,,,,,,,,,,,,,,
Altru – Restorative – Search,,,,,,,,,,,,,,,,,FaceTite,Negative Broad,Enabled,,,,,,,,,,,,,,,,,,,,,,,,,,,,,
Altru – Restorative – Search,,,,,,,,,,,,,,,,,Sofwave,Negative Broad,Enabled,,,,,,,,,,,,,,,,,,,,,,,,,,,,,
Altru – Restorative – Search,,,,,,,,,,,,,,,,,Ultherapy,Negative Broad,Enabled,,,,,,,,,,,,,,,,,,,,,,,,,,,,,
Altru – Restorative – Search,,,,,,,,,,,,,,,,,filler,Negative Broad,Enabled,,,,,,,,,,,,,,,,,,,,,,,,,,,,,
Altru – Restorative – Search,,,,,,,,,,,,,,,,,body,Negative Broad,Enabled,,,,,,,,,,,,,,,,,,,,,,,,,,,,,
Altru – Restorative – Search,,,,,,,,,,,,,,,,,back,Negative Broad,Enabled,,,,,,,,,,,,,,,,,,,,,,,,,,,,,
Altru – Restorative – Search,,,,,,,,,,,,,,,,,neck pain,Negative Phrase,Enabled,,,,,,,,,,,,,,,,,,,,,,,,,,,,,
Altru – Restorative – Search,,,,,,,,,,,,,,,,,prenatal,Negative Broad,Enabled,,,,,,,,,,,,,,,,,,,,,,,,,,,,,
Altru – Restorative – Search,,,,,,,,,,,,,,,,,lash,Negative Broad,Enabled,,,,,,,,,,,,,,,,,,,,,,,,,,,,,
Altru – Restorative – Search,,,,,,,,,,,,,,,,,brow,Negative Broad,Enabled,,,,,,,,,,,,,,,,,,,,,,,,,,,,,
Altru – Soothe – Search,,,,,,,,,,,,,,,,,post op,Negative Phrase,Enabled,,,,,,,,,,,,,,,,,,,,,,,,,,,,,
Altru – Soothe – Search,,,,,,,,,,,,,,,,,post surgery,Negative Phrase,Enabled,,,,,,,,,,,,,,,,,,,,,,,,,,,,,
Altru – Soothe – Search,,,,,,,,,,,,,,,,,liposuction,Negative Broad,Enabled,,,,,,,,,,,,,,,,,,,,,,,,,,,,,
Altru – Soothe – Search,,,,,,,,,,,,,,,,,BBL,Negative Broad,Enabled,,,,,,,,,,,,,,,,,,,,,,,,,,,,,
Altru – Soothe – Search,,,,,,,,,,,,,,,,,tummy tuck,Negative Phrase,Enabled,,,,,,,,,,,,,,,,,,,,,,,,,,,,,
Altru – Soothe – Search,,,,,,,,,,,,,,,,,lymphedema,Negative Broad,Enabled,,,,,,,,,,,,,,,,,,,,,,,,,,,,,
Altru – Soothe – Search,,,,,,,,,,,,,,,,,massage school,Negative Phrase,Enabled,,,,,,,,,,,,,,,,,,,,,,,,,,,,,
Altru – Soothe – Search,,,,,,,,,,,,,,,,,training,Negative Broad,Enabled,,,,,,,,,,,,,,,,,,,,,,,,,,,,,
Altru – Soothe – Search,,,,,,,,,,,,,,,,,DIY,Negative Broad,Enabled,,,,,,,,,,,,,,,,,,,,,,,,,,,,,
Altru – Soothe – Search,,,,,,,,,,,,,,,,,male,Negative Broad,Enabled,,,,,,,,,,,,,,,,,,,,,,,,,,,,,
Altru – Soothe – Search,,,,,,,,,,,,,,,,,man,Negative Broad,Enabled,,,,,,,,,,,,,,,,,,,,,,,,,,,,,
Altru – Soothe – Search,,,,,,,,,,,,,,,,,prenatal,Negative Broad,Enabled,,,,,,,,,,,,,,,,,,,,,,,,,,,,,
Altru – Soothe – Search,,,,,,,,,,,,,,,,,medical insurance,Negative Phrase,Enabled,,,,,,,,,,,,,,,,,,,,,,,,,,,,,
Altru – Procell – Search,,,,,,,,,,,,,,,,,stretch marks,Negative Phrase,Enabled,,,,,,,,,,,,,,,,,,,,,,,,,,,,,
Altru – Procell – Search,,,,,,,,,,,,,,,,,hair,Negative Broad,Enabled,,,,,,,,,,,,,,,,,,,,,,,,,,,,,
Altru – Procell – Search,,,,,,,,,,,,,,,,,scalp,Negative Broad,Enabled,,,,,,,,,,,,,,,,,,,,,,,,,,,,,
Altru – Procell – Search,,,,,,,,,,,,,,,,,body,Negative Broad,Enabled,,,,,,,,,,,,,,,,,,,,,,,,,,,,,
Altru – Procell – Search,,,,,,,,,,,,,,,,,tattoo removal,Negative Phrase,Enabled,,,,,,,,,,,,,,,,,,,,,,,,,,,,,
Altru – Procell – Search,,,,,,,,,,,,,,,,,cellulite,Negative Broad,Enabled,,,,,,,,,,,,,,,,,,,,,,,,,,,,,
Altru – Procell – Search,,,,,,,,,,,,,,,,,male,Negative Broad,Enabled,,,,,,,,,,,,,,,,,,,,,,,,,,,,,
Altru – Procell – Search,,,,,,,,,,,,,,,,,cheap,Negative Broad,Enabled,,,,,,,,,,,,,,,,,,,,,,,,,,,,,
Altru – Procell – Search,,,,,,,,,,,,,,,,,free,Negative Broad,Enabled,,,,,,,,,,,,,,,,,,,,,,,,,,,,,
Altru – Procell – Search,,,,,,,,,,,,,,,,,DIY,Negative Broad,Enabled,,,,,,,,,,,,,,,,,,,,,,,,,,,,,
Altru – Procell – Search,,,,,,,,,,,,,,,,,at home,Negative Phrase,Enabled,,,,,,,,,,,,,,,,,,,,,,,,,,,,,
Altru – Procell – Search,,,,,,,,,,,,,,,,,amazon,Negative Broad,Enabled,,,,,,,,,,,,,,,,,,,,,,,,,,,,,
Altru – Procell – Search,,,,,,,,,,,,,,,,,buy,Negative Broad,Enabled,,,,,,,,,,,,,,,,,,,,,,,,,,,,,
Altru – Procell – Search,,,,,,,,,,,,,,,,,training,Negative Broad,Enabled,,,,,,,,,,,,,,,,,,,,,,,,,,,,,
Altru – Procell – Search,,,,,,,,,,,,,,,,,course,Negative Broad,Enabled,,,,,,,,,,,,,,,,,,,,,,,,,,,,,
Altru – Procell – Search,,,,,,,,,,,,,,,,,certification,Negative Broad,Enabled,,,,,,,,,,,,,,,,,,,,,,,,,,,,,
Altru – Procell – Search,,,,,,,,,,,,,,,,,school,Negative Broad,Enabled,,,,,,,,,,,,,,,,,,,,,,,,,,,,,
Altru – Procell – Search,,,,,,,,,,,,,,,,,machine for sale,Negative Phrase,Enabled,,,,,,,,,,,,,,,,,,,,,,,,,,,,,
Altru – Procell – Search,,,,,,,,,,,,,,,,,derma roller,Negative Phrase,Enabled,,,,,,,,,,,,,,,,,,,,,,,,,,,,,
Altru – Procell – Search,,,,,,,,,,,,,,,,,acne teen,Negative Phrase,Enabled,,,,,,,,,,,,,,,,,,,,,,,,,,,,,
Altru – Procell – Search,,,,,,,,,,,,,,,,,medical insurance,Negative Phrase,Enabled,,,,,,,,,,,,,,,,,,,,,,,,,,,,,
Altru – Procell – Search,,,,,,,,,,,,,,,,,PRP only,Negative Phrase,Enabled,,,,,,,,,,,,,,,,,,,,,,,,,,,,,
Altru – Procell – Search,,,,,,,,,,,,,,,,,wholesale,Negative Broad,Enabled,,,,,,,,,,,,,,,,,,,,,,,,,,,,,
Altru – Procell – Search,,,,,,,,,,,,,,,,,reviews complaint,Negative Phrase,Enabled,,,,,,,,,,,,,,,,,,,,,,,,,,,,,
Altru – Restorative – Search,,,,,,,,,,,,,,Buccal Release,,,,,Enabled,Responsive search ad,Buccal Facial Release — SLC,1,Regenerative Facial Work,1,Visible Change Without Needles,2,Fascia-Led Facial Work,Lift Without Needles,Sculpt Without Surgery,The Face Has Architecture,"Change The Structure, Not The Surface",Book Your Restorative Facial,No Needles. No Downtime.,Visible Lift In One Session,Inside-The-Mouth Facial Release,Where Anti-Aging Ends,"Educated, Hands-First Skincare",Salt Lake's Fascia Facial,"Buccal + fascia release that moves structure beneath the skin. Visible lift, no needles.","We treat the face the way good bodyworkers treat the body — fascia first. Educated, results-driven facial work in Salt Lake.",Most facials work on the surface. Ours works on the architecture underneath. Buccal + fascia release in one session.,The regenerative alternative to injections. Premium facial release in Salt Lake County. Book online — same-week availability.,regenerative,facial,https://altruradiance.com/services/restorative-buccal-release,,,,,,,,
Altru – Restorative – Search,,,,,,,,,,,,,,Fascia Facial,,,,,Enabled,Responsive search ad,Buccal Facial Release — SLC,1,Regenerative Facial Work,1,Visible Change Without Needles,2,Fascia-Led Facial Work,Lift Without Needles,Sculpt Without Surgery,The Face Has Architecture,"Change The Structure, Not The Surface",Book Your Restorative Facial,No Needles. No Downtime.,Visible Lift In One Session,Inside-The-Mouth Facial Release,Where Anti-Aging Ends,"Educated, Hands-First Skincare",Salt Lake's Fascia Facial,"Buccal + fascia release that moves structure beneath the skin. Visible lift, no needles.","We treat the face the way good bodyworkers treat the body — fascia first. Educated, results-driven facial work in Salt Lake.",Most facials work on the surface. Ours works on the architecture underneath. Buccal + fascia release in one session.,The regenerative alternative to injections. Premium facial release in Salt Lake County. Book online — same-week availability.,regenerative,facial,https://altruradiance.com/services/restorative-buccal-release,,,,,,,,
Altru – Restorative – Search,,,,,,,,,,,,,,Natural Face Lift,,,,,Enabled,Responsive search ad,Buccal Facial Release — SLC,1,Regenerative Facial Work,1,Visible Change Without Needles,2,Fascia-Led Facial Work,Lift Without Needles,Sculpt Without Surgery,The Face Has Architecture,"Change The Structure, Not The Surface",Book Your Restorative Facial,No Needles. No Downtime.,Visible Lift In One Session,Inside-The-Mouth Facial Release,Where Anti-Aging Ends,"Educated, Hands-First Skincare",Salt Lake's Fascia Facial,"Buccal + fascia release that moves structure beneath the skin. Visible lift, no needles.","We treat the face the way good bodyworkers treat the body — fascia first. Educated, results-driven facial work in Salt Lake.",Most facials work on the surface. Ours works on the architecture underneath. Buccal + fascia release in one session.,The regenerative alternative to injections. Premium facial release in Salt Lake County. Book online — same-week availability.,regenerative,facial,https://altruradiance.com/services/restorative-buccal-release,,,,,,,,
Altru – Soothe – Search,,,,,,,,,,,,,,Lymphatic Drainage,,,,,Enabled,Responsive search ad,Lymphatic Drainage — Salt Lake,1,Soothe Protocol — Altru Radiance,1,Manual Lymphatic Drainage,2,Full Body Depuff & Drain,Whole-Body Lymphatic Reset,Calm The Inflammation,Pre-Event Drainage Treatment,"Reduce Puffiness, Visibly","Gentle, Methodical, Effective",Lymphatic Drainage — Book Online,No Machines. Trained Hands.,The Day-Before-Anything Treatment,"Wedding, Photo, Event Prep",Salt Lake's Lymphatic Specialist,Restore Tone & Definition,"Full-body manual lymphatic drainage. Less puffiness, sharper definition, calmer tissue. Online booking in Salt Lake County.","Designed for the day before something matters. Methodical whole-body drainage, no machines, visible result.","The fluid sitting in your body is hiding your shape and definition. Our Soothe protocol moves it. Educated, hands-first.","A protocol built around lymphatic flow, not exfoliation. Calm, depuffed, sharper. Book your Soothe session online.",lymphatic,drainage,https://altruradiance.com/services/lymphatic-drainage-murray-utah,,,,,,,,
Altru – Soothe – Search,,,,,,,,,,,,,,Depuff Event Prep,,,,,Enabled,Responsive search ad,Lymphatic Drainage — Salt Lake,1,Soothe Protocol — Altru Radiance,1,Manual Lymphatic Drainage,2,Full Body Depuff & Drain,Whole-Body Lymphatic Reset,Calm The Inflammation,Pre-Event Drainage Treatment,"Reduce Puffiness, Visibly","Gentle, Methodical, Effective",Lymphatic Drainage — Book Online,No Machines. Trained Hands.,The Day-Before-Anything Treatment,"Wedding, Photo, Event Prep",Salt Lake's Lymphatic Specialist,Restore Tone & Definition,"Full-body manual lymphatic drainage. Less puffiness, sharper definition, calmer tissue. Online booking in Salt Lake County.","Designed for the day before something matters. Methodical whole-body drainage, no machines, visible result.","The fluid sitting in your body is hiding your shape and definition. Our Soothe protocol moves it. Educated, hands-first.","A protocol built around lymphatic flow, not exfoliation. Calm, depuffed, sharper. Book your Soothe session online.",lymphatic,drainage,https://altruradiance.com/services/lymphatic-drainage-murray-utah,,,,,,,,
Altru – Procell – Search,,,,,,,,,,,,,,Procell Branded,,,,,Enabled,Responsive search ad,Procell Microchanneling — SLC,1,Microneedling Evolved,1,Visible Change Without Needles,2,Growth Factor Facial — Salt Lake,Stem Cell Regeneration For Skin,"Procell — No RF, No Downtime",The Microneedling Upgrade,Salt Lake's Procell Studio,Wellness-Grade Microchanneling,"Smaller Channels, Bigger Results",Built On Bone Marrow Growth Factors,The Regenerative Alternative,Not Morpheus8. Better For Some.,Gentle Enough For Sensitive Skin,Book Online — Procell SLC,"Procell Microchanneling delivers bone-marrow-derived growth factors through ultra-fine channels. Gentler than microneedling, regenerative by design.","The microneedling alternative that doesn't use heat or radiofrequency. Less downtime, stem-cell-derived serum, real results. Salt Lake County.","Procell is microneedling evolved — finer channels, growth-factor serum, faster healing. Educated, hands-first care. Online booking.",The regenerative facial for the woman done with anti-aging language. Procell Microchanneling in Salt Lake. Same-week availability.,procell,microchanneling,https://altruradiance.com/services/microneedling-murray-utah,,,,,,,,
Altru – Procell – Search,,,,,,,,,,,,,,Microchanneling Category,,,,,Enabled,Responsive search ad,Procell Microchanneling — SLC,1,Microneedling Evolved,1,Visible Change Without Needles,2,Growth Factor Facial — Salt Lake,Stem Cell Regeneration For Skin,"Procell — No RF, No Downtime",The Microneedling Upgrade,Salt Lake's Procell Studio,Wellness-Grade Microchanneling,"Smaller Channels, Bigger Results",Built On Bone Marrow Growth Factors,The Regenerative Alternative,Not Morpheus8. Better For Some.,Gentle Enough For Sensitive Skin,Book Online — Procell SLC,"Procell Microchanneling delivers bone-marrow-derived growth factors through ultra-fine channels. Gentler than microneedling, regenerative by design.","The microneedling alternative that doesn't use heat or radiofrequency. Less downtime, stem-cell-derived serum, real results. Salt Lake County.","Procell is microneedling evolved — finer channels, growth-factor serum, faster healing. Educated, hands-first care. Online booking.",The regenerative facial for the woman done with anti-aging language. Procell Microchanneling in Salt Lake. Same-week availability.,procell,microchanneling,https://altruradiance.com/services/microneedling-murray-utah,,,,,,,,
Altru – Procell – Search,,,,,,,,,,,,,,Growth Factor Regenerative,,,,,Enabled,Responsive search ad,Procell Microchanneling — SLC,1,Microneedling Evolved,1,Visible Change Without Needles,2,Growth Factor Facial — Salt Lake,Stem Cell Regeneration For Skin,"Procell — No RF, No Downtime",The Microneedling Upgrade,Salt Lake's Procell Studio,Wellness-Grade Microchanneling,"Smaller Channels, Bigger Results",Built On Bone Marrow Growth Factors,The Regenerative Alternative,Not Morpheus8. Better For Some.,Gentle Enough For Sensitive Skin,Book Online — Procell SLC,"Procell Microchanneling delivers bone-marrow-derived growth factors through ultra-fine channels. Gentler than microneedling, regenerative by design.","The microneedling alternative that doesn't use heat or radiofrequency. Less downtime, stem-cell-derived serum, real results. Salt Lake County.","Procell is microneedling evolved — finer channels, growth-factor serum, faster healing. Educated, hands-first care. Online booking.",The regenerative facial for the woman done with anti-aging language. Procell Microchanneling in Salt Lake. Same-week availability.,procell,microchanneling,https://altruradiance.com/services/microneedling-murray-utah,,,,,,,,
Altru – Procell – Search,,,,,,,,,,,,,,Microneedling Alternative,,,,,Enabled,Responsive search ad,Procell Microchanneling — SLC,1,Microneedling Evolved,1,Visible Change Without Needles,2,Growth Factor Facial — Salt Lake,Stem Cell Regeneration For Skin,"Procell — No RF, No Downtime",The Microneedling Upgrade,Salt Lake's Procell Studio,Wellness-Grade Microchanneling,"Smaller Channels, Bigger Results",Built On Bone Marrow Growth Factors,The Regenerative Alternative,Not Morpheus8. Better For Some.,Gentle Enough For Sensitive Skin,Book Online — Procell SLC,"Procell Microchanneling delivers bone-marrow-derived growth factors through ultra-fine channels. Gentler than microneedling, regenerative by design.","The microneedling alternative that doesn't use heat or radiofrequency. Less downtime, stem-cell-derived serum, real results. Salt Lake County.","Procell is microneedling evolved — finer channels, growth-factor serum, faster healing. Educated, hands-first care. Online booking.",The regenerative facial for the woman done with anti-aging language. Procell Microchanneling in Salt Lake. Same-week availability.,procell,microchanneling,https://altruradiance.com/services/microneedling-murray-utah,,,,,,,,
Altru – Brand Defense – Search,,,,,,,,,,,,,,Brand Terms,,,,,Enabled,Responsive search ad,Altru Radiance — Official,1,Regenerative Facials Murray,1,Visible Change Without Needles,2,Book Direct — Altru Radiance,Master Esthetician Owned,Buccal · Lymphatic · Procell,Murray's Regenerative Studio,No Needles. No Downtime.,Educated Skincare. Hands First.,Book Online — Same-Week,Skip The Middleman — Book Direct,Real Results. Real Hands.,Altru Radiance Official Site,Premium Facial Work In Murray,"Altru Radiance — Utah's regenerative aesthetics and fascia studio in Murray. Buccal, lymphatic, and Procell. Book direct online.","Master Esthetician owned and operated. The regenerative alternative to needles and machines. Same-week availability.","Visible change without needles. Buccal facial release, lymphatic drainage, Procell Microchanneling. Murray, Utah.",The official Altru Radiance website. Book your session online — premium regenerative facial work in Salt Lake County.,book,direct,https://altruradiance.com,,,,,,,,
,,,,,,,,,,,,,,,,,,,,,,,,,,,,,,,,,,,,,,,,,,,Sitelink,Restorative Facial,Buccal + fascia release,Visible lift without needles,https://altruradiance.com/services/restorative-buccal-release,,,
,,,,,,,,,,,,,,,,,,,,,,,,,,,,,,,,,,,,,,,,,,,Sitelink,Soothe Lymphatic,Full-body lymphatic drainage,The day-before-anything treatment,https://altruradiance.com/services/lymphatic-drainage-murray-utah,,,
,,,,,,,,,,,,,,,,,,,,,,,,,,,,,,,,,,,,,,,,,,,Sitelink,Procell Microchanneling,Growth-factor microchanneling,Microneedling evolved,https://altruradiance.com/services/microneedling-murray-utah,,,
,,,,,,,,,,,,,,,,,,,,,,,,,,,,,,,,,,,,,,,,,,,Sitelink,About,Master Esthetician owned,Regenerative philosophy,https://altruradiance.com/about,,,
,,,,,,,,,,,,,,,,,,,,,,,,,,,,,,,,,,,,,,,,,,,Sitelink,Book Online,Same-week availability,Square Appointments,https://altruradiance.com/book,,,
,,,,,,,,,,,,,,,,,,,,,,,,,,,,,,,,,,,,,,,,,,,Sitelink,Pricing,All services and prices,Transparent pricing,https://altruradiance.com/services,,,
,,,,,,,,,,,,,,,,,,,,,,,,,,,,,,,,,,,,,,,,,,,Callout,,,,,Online booking,,
,,,,,,,,,,,,,,,,,,,,,,,,,,,,,,,,,,,,,,,,,,,Callout,,,,,No-needle results,,
,,,,,,,,,,,,,,,,,,,,,,,,,,,,,,,,,,,,,,,,,,,Callout,,,,,Master Esthetician,,
,,,,,,,,,,,,,,,,,,,,,,,,,,,,,,,,,,,,,,,,,,,Callout,,,,,Premium products,,
,,,,,,,,,,,,,,,,,,,,,,,,,,,,,,,,,,,,,,,,,,,Callout,,,,,Same-week availability,,
,,,,,,,,,,,,,,,,,,,,,,,,,,,,,,,,,,,,,,,,,,,Callout,,,,,No machines,,
,,,,,,,,,,,,,,,,,,,,,,,,,,,,,,,,,,,,,,,,,,,Callout,,,,,"Murray, Utah",,
,,,,,,,,,,,,,,,,,,,,,,,,,,,,,,,,,,,,,,,,,,,Structured Snippet,,,,,,Services,"Buccal Facial; Lymphatic Drainage; Procell Microchanneling; Fascia Release"
