public_id,original_filename,width,height,dimensions,service_keyword,format
soothe-lymphatic-drainage-before-and-after-stomach-debloating-murray-utah-altru-radiance_abwsps,soothe-lymphatic-drainage-before-and-after-stomach-debloating-murray-utah-altru-radiance_abwsps,1480,1040,1480x1040,lymphatic,png
lymphatic-massage-after-1-session-body-contouring-murray-utah-altru-radiance_gw6cig,lymphatic-massage-after-1-session-body-contouring-murray-utah-altru-radiance_gw6cig,1200,800,1200x800,lymphatic,png
soothe-lymphatic-drainage-before-and-after-back-view-murray-utah-altru-radiance_cy2vux,soothe-lymphatic-drainage-before-and-after-back-view-murray-utah-altru-radiance_cy2vux,1480,1040,1480x1040,lymphatic,png
lymphatic-massage-before-1-session-body-contouring-murray-utah-altru-radiance_tovm3q,lymphatic-massage-before-1-session-body-contouring-murray-utah-altru-radiance_tovm3q,1200,800,1200x800,lymphatic,png
lymphatic-massage-before-1-session-abdominal-body-contouring-murray-utah-altru-radiance_ap0qvn,lymphatic-massage-before-1-session-abdominal-body-contouring-murray-utah-altru-radiance_ap0qvn,1200,800,1200x800,lymphatic,png
lymphatic-drainage-after-1-session-abdominal-lymphatic-decongestion-murray-utah_hkkubq,lymphatic-drainage-after-1-session-abdominal-lymphatic-decongestion-murray-utah_hkkubq,1480,1040,1480x1040,lymphatic,png
lymphatic-massage-after-1-session-abdominal-body-contouring-murray-utah-altru-radiance_y0fqcd,lymphatic-massage-after-1-session-abdominal-body-contouring-murray-utah-altru-radiance_y0fqcd,1200,800,1200x800,lymphatic,png
lymphatic-drainage-before-1-session-abdominal-lymphatic-decongestion-murray-utah_wawa2c,lymphatic-drainage-before-1-session-abdominal-lymphatic-decongestion-murray-utah_wawa2c,1480,1040,1480x1040,lymphatic,png
lymphatic-drainage-before-1-session-side-view-lymphatic-decongestion-murray-utah_oe7rmi,lymphatic-drainage-before-1-session-side-view-lymphatic-decongestion-murray-utah_oe7rmi,1200,800,1200x800,lymphatic,png
lymphatic-drainage-after-1-session-side-view-lymphatic-decongestion-murray-utah_og1xlj,lymphatic-drainage-after-1-session-side-view-lymphatic-decongestion-murray-utah_og1xlj,1200,800,1200x800,lymphatic,png
results_buccal-massage-before-lymphatic-skin-rejuvenation_janfeg,results_buccal-massage-before-lymphatic-skin-rejuvenation_janfeg,1200,800,1200x800,buccal,png
results_buccal-massage-after-lymphatic-skin-rejuvenation_rrlpag,results_buccal-massage-after-lymphatic-skin-rejuvenation_rrlpag,1200,800,1200x800,buccal,png
results_foundation-package-progression-buccal-massage-for-fascia-regeneration-murray-ut_dv2ny5,results_foundation-package-progression-buccal-massage-for-fascia-regeneration-murray-ut_dv2ny5,1600,800,1600x800,buccal,png
results_restorative-buccal-massage-before-1-session-best-facial-for-jawline-definition-slc_cbpm7e,results_restorative-buccal-massage-before-1-session-best-facial-for-jawline-definition-slc_cbpm7e,1200,800,1200x800,buccal,png
results_restorative-buccal-massage-after-1-session-best-facial-for-jawline-definition-slc_smbyck,results_restorative-buccal-massage-after-1-session-best-facial-for-jawline-definition-slc_smbyck,1200,800,1200x800,buccal,png
results_restorative-buccal-massage-before-1-_session-for-facial-symmetry-murray-utah-altru-radiance_krzrmm,results_restorative-buccal-massage-before-1-_session-for-facial-symmetry-murray-utah-altru-radiance_krzrmm,1200,800,1200x800,buccal,png
results_restorative-buccal-massage-after-1-_session-facial-symmetry-result-murray-utah-altru-radiance_meyksm,results_restorative-buccal-massage-after-1-_session-facial-symmetry-result-murray-utah-altru-radiance_meyksm,1200,800,1200x800,buccal,png
tech-neck-buccal-massage-before-1-session-neck-decompression-murray-utah-altru-radiance_xfgd3p,tech-neck-buccal-massage-before-1-session-neck-decompression-murray-utah-altru-radiance_xfgd3p,1200,800,1200x800,buccal,png
tech-neck-buccal-massage-before-1-session-profile-view-murray-utah-altru-radiance_dgwy8c,tech-neck-buccal-massage-before-1-session-profile-view-murray-utah-altru-radiance_dgwy8c,1200,800,1200x800,buccal,png
tech-neck-buccal-massage-after-1-session-profile-view-murray-utah-altru-radiance_xnldar,tech-neck-buccal-massage-after-1-session-profile-view-murray-utah-altru-radiance_xnldar,1200,800,1200x800,buccal,png
tech-neck-buccal-massage-after-1-session-neck-decompression-murray-utah-altru-radiance_jn25jo,tech-neck-buccal-massage-after-1-session-neck-decompression-murray-utah-altru-radiance_jn25jo,1200,800,1200x800,buccal,png
buccal-massage-after-1-session-sculpting-lifting-murray-utah-altru-radiance._ts6icz,buccal-massage-after-1-session-sculpting-lifting-murray-utah-altru-radiance._ts6icz,1200,800,1200x800,buccal,png
buccal-massage-before-1-session-sculpting-lifting-murray-utah-altru-radiance_bnnla0,buccal-massage-before-1-session-sculpting-lifting-murray-utah-altru-radiance_bnnla0,1200,800,1200x800,buccal,png
results_lymphatic-drainage-massage-fascia-release-techniques-before-after-1-session-murray-utah-altru-radiance_or4lhm,results_lymphatic-drainage-massage-fascia-release-techniques-before-after-1-session-murray-utah-altru-radiance_or4lhm,1200,800,1200x800,lymphatic,png
tmj-buccal-massage-before-after-right-lateral-view-murray-utah-altru-radiance_bkcbds,tmj-buccal-massage-before-after-right-lateral-view-murray-utah-altru-radiance_bkcbds,1080,1080,1080x1080,buccal,png
tmj-buccal-massage-before-after-left-lateral-view-murray-utah-altru-radiance_ifiabm,tmj-buccal-massage-before-after-left-lateral-view-murray-utah-altru-radiance_ifiabm,1080,1080,1080x1080,buccal,png
tmj-buccal-massage-before-after-front-view-murray-utah-altru-radiance_qd6sa6,tmj-buccal-massage-before-after-front-view-murray-utah-altru-radiance_qd6sa6,1080,1080,1080x1080,buccal,png
results_foundation-package-progression-buccal-massage-for-fascia-regeneration-murray-ut_rdiqx8,results_foundation-package-progression-buccal-massage-for-fascia-regeneration-murray-ut_rdiqx8,1600,800,1600x800,buccal,png
results_buccal-massage-before-facial-remodeling-symmetry_ftd758,results_buccal-massage-before-facial-remodeling-symmetry_ftd758,1200,800,1200x800,buccal,png
results_buccal-massage-after-facial-remodeling-symmetry_hoqxah,results_buccal-massage-after-facial-remodeling-symmetry_hoqxah,1200,800,1200x800,buccal,png
results_restorative-buccal-massage-before-best-facial-for-jawline-definition-slc_aqnvai,results_restorative-buccal-massage-before-best-facial-for-jawline-definition-slc_aqnvai,1200,800,1200x800,buccal,png
results_restorative-buccal-massage-before-best-facial-for-facial-symmetry-slc_dq89ss,results_restorative-buccal-massage-before-best-facial-for-facial-symmetry-slc_dq89ss,1200,800,1200x800,buccal,png
results_restorative-buccal-massage-after-best-facial-for-facial-symmetry-slc_cj4vi2,results_restorative-buccal-massage-after-best-facial-for-facial-symmetry-slc_cj4vi2,1200,800,1200x800,buccal,png
results_restorative-buccal-massage-after-best-facial-for-jawline-definition-slc_ctvrop,results_restorative-buccal-massage-after-best-facial-for-jawline-definition-slc_ctvrop,1200,800,1200x800,buccal,png
results_buccal-massage-before-lymphatic-skin-rejuvenation_ft4deg,results_buccal-massage-before-lymphatic-skin-rejuvenation_ft4deg,1200,800,1200x800,buccal,png
results_buccal-massage-after-lymphatic-skin-rejuvenation_r0pn7f,results_buccal-massage-after-lymphatic-skin-rejuvenation_r0pn7f,1200,800,1200x800,buccal,png
buccal-massage-after-tmj-jaw-definition-neck-elongation_ordb9y,buccal-massage-after-tmj-jaw-definition-neck-elongation_ordb9y,600,800,600x800,buccal,png
buccal-massage-before-tmj-jaw-definition-neck-elongation_ub7zdt,buccal-massage-before-tmj-jaw-definition-neck-elongation_ub7zdt,600,800,600x800,buccal,png
results_buccal-massage-before-after-forward-head-posture-cervical_dy0ddu,results_buccal-massage-before-after-forward-head-posture-cervical_dy0ddu,2000,2000,2000x2000,buccal,jpg
results_lymphatic-drainage-neck-elongation-real-time-session_q5al5c,results_lymphatic-drainage-neck-elongation-real-time-session_q5al5c,1000,600,1000x600,lymphatic,jpg
results_sympathetic-parasympathetic-shift-buccal-massage-diagram_irvoij,results_sympathetic-parasympathetic-shift-buccal-massage-diagram_irvoij,1080,1080,1080x1080,buccal,jpg
results_soothe-lymphatic-drainage-body-contouring-results_kvzm1j,results_soothe-lymphatic-drainage-body-contouring-results_kvzm1j,655,480,655x480,lymphatic,jpg
results_buccal-massage-before-after-facial-remodeling-symmetry_mozv6v,results_buccal-massage-before-after-facial-remodeling-symmetry_mozv6v,2000,2000,2000x2000,buccal,jpg
results_buccal-massage-before-after-natural-lift-luminosity_ovhcmb,results_buccal-massage-before-after-natural-lift-luminosity_ovhcmb,2000,2000,2000x2000,buccal,jpg
results_lymphatic-drainage-before-after-postural-alignment_dww4ea,results_lymphatic-drainage-before-after-postural-alignment_dww4ea,2000,2000,2000x2000,lymphatic,jpg
results_soothe-lymphatic-drainage-before-after-body-definition_xd6l5m,results_soothe-lymphatic-drainage-before-after-body-definition_xd6l5m,2000,2000,2000x2000,lymphatic,jpg
results_forward-head-posture-facial-change-before-after-murray-utah_kpe6ta,results_forward-head-posture-facial-change-before-after-murray-utah_kpe6ta,1200,800,1200x800,unmatched,png
results_buccal-massage-before-after-lymphatic-skin-vitality-puffiness_gmqaxo,results_buccal-massage-before-after-lymphatic-skin-vitality-puffiness_gmqaxo,1062,942,1062x942,buccal,jpg
results_buccal-massage-before-after-bilateral-symmetry-head-alignment_j0xmln,results_buccal-massage-before-after-bilateral-symmetry-head-alignment_j0xmln,2000,2000,2000x2000,buccal,jpg
results_buccal-massage-before-after-facial-symmetry-grid-overlay_rhndfm,results_buccal-massage-before-after-facial-symmetry-grid-overlay_rhndfm,2000,2000,2000x2000,buccal,jpg
results_buccal-massage-before-after-fascial-release-sculpted-features_tuh9jc,results_buccal-massage-before-after-fascial-release-sculpted-features_tuh9jc,1062,944,1062x944,buccal,jpg
results_buccal-massage-before-after-cranial-alignment-chin-projection_zccdic,results_buccal-massage-before-after-cranial-alignment-chin-projection_zccdic,2000,2000,2000x2000,buccal,jpg
results_buccal-massage-before-after-tmj-jaw-definition-neck-elongation_sntwdb,results_buccal-massage-before-after-tmj-jaw-definition-neck-elongation_sntwdb,2000,2000,2000x2000,buccal,jpg
results_buccal-massage-before-after-tmj-jaw-lift-murray-utah_pe5zw5,results_buccal-massage-before-after-tmj-jaw-lift-murray-utah_pe5zw5,2000,2000,2000x2000,buccal,jpg
buccal-massage-facial-lift-lymphatic-before-after-murray-utah-altru-radiance_i9romw,buccal-massage-facial-lift-lymphatic-before-after-murray-utah-altru-radiance_i9romw,600,800,600x800,buccal,jpg
structural-integration-cervical-jaw-decompression-before-after-murray-utah-altru-radiance_b7jlt0,structural-integration-cervical-jaw-decompression-before-after-murray-utah-altru-radiance_b7jlt0,600,800,600x800,unmatched,jpg
buccal-massage-fascia-hydration-skin-vitality-before-after-murray-utah-altru-radiance_sf7xzc,buccal-massage-fascia-hydration-skin-vitality-before-after-murray-utah-altru-radiance_sf7xzc,600,800,600x800,buccal,jpg
altru-radiance-studio-murray-utah_dllkk1,altru-radiance-studio-murray-utah_dllkk1,1200,1500,1200x1500,unmatched,jpg
strucural-integration-buccal-massage-before-murray-utah-altru-radiance_rmxdrw,strucural-integration-buccal-massage-before-murray-utah-altru-radiance_rmxdrw,1200,800,1200x800,buccal,png
strucural-integration-buccal-massage-after-1-session-murray-utah-altru-radiance_zpk5ey,strucural-integration-buccal-massage-after-1-session-murray-utah-altru-radiance_zpk5ey,1200,800,1200x800,buccal,png
tmj-buccal-massage-before-murray-utah-altru-radiance_mkctwn,tmj-buccal-massage-before-murray-utah-altru-radiance_mkctwn,1200,800,1200x800,buccal,png
tmj-buccal-massage-after-1-session-murray-utah-altru-radiance_o8p8aa,tmj-buccal-massage-after-1-session-murray-utah-altru-radiance_o8p8aa,1200,800,1200x800,buccal,png
buccal-massage-before-murray-utah-altru-radiance_x9htzf,buccal-massage-before-murray-utah-altru-radiance_x9htzf,1200,800,1200x800,buccal,png
buccal-massage-after-1-session-murray-utah-altru-radiance_fgnhlu,buccal-massage-after-1-session-murray-utah-altru-radiance_fgnhlu,1200,800,1200x800,buccal,png
